project,part_code,part_name,category,level,expected_dim_mm,source_filename,source_path,module_plate,volume_cm3,bbox_mm,triangles,est_weight_g,linked_bom,link_status,verified,upstream_url,upstream_version,change_found,change_notes,action_needed
HDRY System V3 (3D-printed dryer),BBL01,BBL01,,,,BBL01.stl,/home/shanta/Downloads/hdry/BBL01.stl | /home/shanta/Downloads/hdry/model2/BBL01.stl,,323.2129,x167.2 y150.0 z20.0,46256,400.8,,UNMAPPED - verify,N,,,N,,review
HDRY System V3 (3D-printed dryer),BBL02,BBL02,,,,BBL02.stl,/home/shanta/Downloads/hdry/BBL02.stl | /home/shanta/Downloads/hdry/Mod1/BBL02.stl | /home/shanta/Downloads/hdry/model2/BBL02.stl,,379.529,x167.8 y215.0 z21.5,61976,470.6,,UNMAPPED - verify,N,,,N,,review
HDRY System V3 (3D-printed dryer),BBR02,Bottom Back Right L2,corner_post,L2,215,BBR02.stl,/home/shanta/Downloads/hdry/BBR02.stl | /home/shanta/Downloads/hdry/Mod1/BBR02.stl | /home/shanta/Downloads/hdry/model2/BBR02.stl,,383.1771,x165.8 y215.0 z31.0,74050,475.1,51/52/53,correct,Y,,,N,,none
HDRY System V3 (3D-printed dryer),BBR01,Bottom Back Right L1,corner_post,L1,150,BBR03.stl,/home/shanta/Downloads/hdry/BBR03.stl | /home/shanta/Downloads/hdry/model2/BBR03.stl,,326.2274,x165.8 y150.0 z31.0,46672,404.5,51/52/53,SHOULD LINK (was wrongly BBR02),Y,,,N,,relink model 20 to BBR03.stl
HDRY System V3 (3D-printed dryer),BL02,Back Left corner L2,corner_post,L2,215,BL02.stl,/home/shanta/Downloads/hdry/BL02.stl | /home/shanta/Downloads/hdry/Mod1/BL02.stl | /home/shanta/Downloads/hdry/model2/BL02.stl,,137.0705,x31.5 y31.5 z215.0,22052,170.0,51/52/53,correct,Y,,,N,,none
HDRY System V3 (3D-printed dryer),BL01,Back Left corner L1,corner_post,L1,150,BL03.stl,/home/shanta/Downloads/hdry/BL03.stl | /home/shanta/Downloads/hdry/INT-HDRY-BL01_Dryer_Back_Left_corner_L1.stl | /home/shanta/Downloads/hdry/Mod1/BL03.stl | /home/shanta/Downloads/hdry/model2/BL03.stl,,95.3632,x31.5 y31.5 z150.0,17652,118.3,51/52/53,SHOULD LINK (was wrongly BL02),Y,,,N,,relink model 22 to BL03.stl
HDRY System V3 (3D-printed dryer),BLS01,Back Left Side panel L1,side_panel,L1,150,BLS01.stl,/home/shanta/Downloads/hdry/BLS01.stl | /home/shanta/Downloads/hdry/model2/BLS01.stl,,316.2871,x170.2 y150.0 z34.7,37500,392.2,51/52/53,correct,Y,,,N,,none
HDRY System V3 (3D-printed dryer),BLS02,Back Left Side panel L2,side_panel,L2,215,BLS02.stl,/home/shanta/Downloads/hdry/BLS02.stl | /home/shanta/Downloads/hdry/Mod1/BLS02.stl | /home/shanta/Downloads/hdry/model2/BLS02.stl,,411.2439,x170.2 y215.0 z34.7,38556,509.9,51/52/53,correct,Y,,,N,,none
HDRY System V3 (3D-printed dryer),BR02,Back Right corner L2,corner_post,L2,215,BR02.stl,/home/shanta/Downloads/hdry/BR02.stl | /home/shanta/Downloads/hdry/Mod1/BR02.stl | /home/shanta/Downloads/hdry/model2/BR02.stl,,137.0672,x31.5 y31.5 z215.0,22274,170.0,51/52/53,correct,Y,,,N,,none
HDRY System V3 (3D-printed dryer),BR01,Back Right corner L1,corner_post,L1,150,BR03.stl,/home/shanta/Downloads/hdry/BR03.stl | /home/shanta/Downloads/hdry/Mod1/BR03.stl | /home/shanta/Downloads/hdry/model2/BR03.stl,,95.36,x31.5 y31.5 z150.0,17876,118.2,51/52/53,SHOULD LINK (was wrongly BR02),Y,,,N,,relink model 26 to BR03.stl (150mm)
HDRY System V3 (3D-printed dryer),BRS01,Back Right Side panel L1,side_panel,L1,150,BRS01.stl,/home/shanta/Downloads/hdry/BRS01.stl | /home/shanta/Downloads/hdry/model2/BRS01.stl,,316.1531,x170.2 y150.0 z34.7,62482,392.0,51/52/53,correct,Y,,,N,,none
HDRY System V3 (3D-printed dryer),BRS02,Back Right Side panel L2,side_panel,L2,215,BRS02.stl,/home/shanta/Downloads/hdry/BRS02.stl | /home/shanta/Downloads/hdry/Mod1/BRS02.stl | /home/shanta/Downloads/hdry/model2/BRS02.stl,,411.2421,x170.2 y215.0 z34.7,38776,509.9,51/52/53,correct,Y,,,N,,none
HDRY System V3 (3D-printed dryer),Board Cap Closed,Board Cap Closed,,,,Board Cap Closed.stl,/home/shanta/Downloads/hdry/Board Cap Closed.stl | /home/shanta/Downloads/hdry/Mod1/Board Cap Closed.stl | /home/shanta/Downloads/hdry/model2/Board Cap Closed.stl,,10.977,x102.7 y36.0 z16.0,14680,13.6,,UNMAPPED - verify,N,,,N,,review
HDRY System V3 (3D-printed dryer),Board,Board,,,,Board.stl,/home/shanta/Downloads/hdry/Board.stl | /home/shanta/Downloads/hdry/Mod1/Board.stl | /home/shanta/Downloads/hdry/model2/Board.stl,,19.0831,x102.7 y36.0 z16.0,40948,23.7,,UNMAPPED - verify,N,,,N,,review
HDRY System V3 (3D-printed dryer),Connector Cup,Connector Cup,,,,Connector Cup.stl,/home/shanta/Downloads/hdry/Connector Cup.stl | /home/shanta/Downloads/hdry/Mod1/Connector Cup.stl | /home/shanta/Downloads/hdry/model2/Connector Cup.stl,,25.0815,x92.0 y52.7 z18.8,113998,31.1,,UNMAPPED - verify,N,,,N,,review
HDRY System V3 (3D-printed dryer),FL02,Front Left corner L2,corner_post,L2,215,FL02.stl,/home/shanta/Downloads/hdry/FL02.stl | /home/shanta/Downloads/hdry/Mod1/FL02.stl | /home/shanta/Downloads/hdry/model2/FL02.stl,,137.1957,x31.5 y31.5 z215.0,21074,170.1,51/52/53,correct,Y,,,N,,none
HDRY System V3 (3D-printed dryer),FL01,Front Left corner L1,corner_post,L1,150,FL03.stl,/home/shanta/Downloads/hdry/FL03.stl | /home/shanta/Downloads/hdry/Mod1/FL03.stl | /home/shanta/Downloads/hdry/model2/FL03.stl,,95.0955,x31.5 y31.5 z150.0,17778,117.9,51/52/53,SHOULD LINK (was wrongly FL02),Y,,,N,,relink model 32 to FL03.stl
HDRY System V3 (3D-printed dryer),FLS01,Front Left Side panel L1,side_panel,L1,150,FLS01.stl,/home/shanta/Downloads/hdry/FLS01.stl | /home/shanta/Downloads/hdry/model2/FLS01.stl,,312.8891,x172.2 y150.0 z34.7,41288,388.0,51/52/53,correct,Y,,,N,,none
HDRY System V3 (3D-printed dryer),FLS02,Front Left Side panel L2,side_panel,L2,215,FLS02 .stl,/home/shanta/Downloads/hdry/FLS02 .stl | /home/shanta/Downloads/hdry/Mod1/FLS02 .stl | /home/shanta/Downloads/hdry/model2/FLS02 .stl,,403.6327,x172.2 y215.0 z20.0,35674,500.5,51/52/53,correct,Y,,,N,,none
HDRY System V3 (3D-printed dryer),FR01,Front Right corner L1,corner_post,L1,150,FR01.stl,/home/shanta/Downloads/hdry/FR01.stl | /home/shanta/Downloads/hdry/INT-HDRY-FR01_Dryer_Front_Right_corner_L1.stl | /home/shanta/Downloads/hdry/Mod1/FR01.stl | /home/shanta/Downloads/hdry/model2/FR01.stl,,95.0923,x31.5 y31.5 z150.0,18166,117.9,51/52/53,correct,Y,,,N,,none
HDRY System V3 (3D-printed dryer),FR02,Front Right corner L2,corner_post,L2,215,FR02.stl,/home/shanta/Downloads/hdry/FR02.stl | /home/shanta/Downloads/hdry/Mod1/FR02.stl | /home/shanta/Downloads/hdry/model2/FR02.stl,,137.1923,x31.5 y31.5 z215.0,21548,170.1,51/52/53,correct,Y,,,N,,none
HDRY System V3 (3D-printed dryer),FRS01,Front Right Side panel L1,side_panel,L1,150,FRS01.stl,/home/shanta/Downloads/hdry/FRS01.stl | /home/shanta/Downloads/hdry/model2/FRS01.stl,,312.7507,x172.2 y150.0 z34.7,69422,387.8,51/52/53,correct,Y,,,N,,none
HDRY System V3 (3D-printed dryer),FRS02,Front Right Side panel L2,side_panel,L2,215,FRS02.stl,/home/shanta/Downloads/hdry/FRS02.stl | /home/shanta/Downloads/hdry/Mod1/FRS02.stl | /home/shanta/Downloads/hdry/model2/FRS02.stl,,403.6313,x172.2 y215.0 z20.0,35890,500.5,51/52/53,correct,Y,,,N,,none
HDRY System V3 (3D-printed dryer),INT-HDRY-BBL01_Dryer_Bottom_Back_Left_L1,INT-HDRY-BBL01_Dryer_Bottom_Back_Left_L1,,,,INT-HDRY-BBL01_Dryer_Bottom_Back_Left_L1.stl,/home/shanta/Downloads/hdry/INT-HDRY-BBL01_Dryer_Bottom_Back_Left_L1.stl,,323.2129,x167.2 y20.0 z150.0,46256,400.8,,UNMAPPED - verify,N,,,N,,review
HDRY System V3 (3D-printed dryer),INT-HDRY-BBL02_Dryer_Bottom_Back_Left_L2,INT-HDRY-BBL02_Dryer_Bottom_Back_Left_L2,,,,INT-HDRY-BBL02_Dryer_Bottom_Back_Left_L2.stl,/home/shanta/Downloads/hdry/INT-HDRY-BBL02_Dryer_Bottom_Back_Left_L2.stl,,379.529,x167.8 y21.5 z215.0,61976,470.6,,UNMAPPED - verify,N,,,N,,review
HDRY System V3 (3D-printed dryer),INT-HDRY-BLS01_Dryer_Back_Left_Side_panel_L1,INT-HDRY-BLS01_Dryer_Back_Left_Side_panel_L1,,,,INT-HDRY-BLS01_Dryer_Back_Left_Side_panel_L1.stl,/home/shanta/Downloads/hdry/INT-HDRY-BLS01_Dryer_Back_Left_Side_panel_L1.stl,,nan,x3.399488226950064e+38 y3.3987613053898692e+38 z3.3991247661699667e+38,360948,nan,,UNMAPPED - verify,N,,,N,,review
HDRY System V3 (3D-printed dryer),INT-HDRY-BOARD_Dryer_Vertical_Board,INT-HDRY-BOARD_Dryer_Vertical_Board,,,,INT-HDRY-BOARD_Dryer_Vertical_Board.stl,/home/shanta/Downloads/hdry/INT-HDRY-BOARD_Dryer_Vertical_Board.stl,,19.083,x102.7 y16.0 z36.0,40948,23.7,,UNMAPPED - verify,N,,,N,,review
HDRY System V3 (3D-printed dryer),INT-HDRY-BRS02_Dryer_Back_Right_Side_L2,INT-HDRY-BRS02_Dryer_Back_Right_Side_L2,,,,INT-HDRY-BRS02_Dryer_Back_Right_Side_L2.stl,/home/shanta/Downloads/hdry/INT-HDRY-BRS02_Dryer_Back_Right_Side_L2.stl,,411.2421,x34.7 y170.2 z215.0,38776,509.9,,UNMAPPED - verify,N,,,N,,review
HDRY System V3 (3D-printed dryer),INT-HDRY-FLS01_Dryer_Front_Left_Side_panel_L1,INT-HDRY-FLS01_Dryer_Front_Left_Side_panel_L1,,,,INT-HDRY-FLS01_Dryer_Front_Left_Side_panel_L1.stl,/home/shanta/Downloads/hdry/INT-HDRY-FLS01_Dryer_Front_Left_Side_panel_L1.stl,,312.8891,x34.7 y172.2 z150.0,41288,388.0,,UNMAPPED - verify,N,,,N,,review
HDRY System V3 (3D-printed dryer),B01,B01,,,,B01.stl,/home/shanta/Downloads/hdry/Mod1/B01.stl,,232.9637,x195.4 y199.8 z22.2,41326,288.9,,UNMAPPED - verify,N,,,N,,review
HDRY System V3 (3D-printed dryer),B02,B02,,,,B02.stl,/home/shanta/Downloads/hdry/Mod1/B02.stl,,296.9624,x215.5 y219.8 z11.2,28816,368.2,,UNMAPPED - verify,N,,,N,,review
HDRY System V3 (3D-printed dryer),B03,B03,,,,B03.stl,/home/shanta/Downloads/hdry/Mod1/B03.stl,,303.1504,x215.4 y219.8 z11.2,29000,375.9,,UNMAPPED - verify,N,,,N,,review
HDRY System V3 (3D-printed dryer),B04,B04,,,,B04.stl,/home/shanta/Downloads/hdry/Mod1/B04.stl,,233.4875,x195.5 y199.9 z22.2,41056,289.5,,UNMAPPED - verify,N,,,N,,review
HDRY System V3 (3D-printed dryer),BBL01,BBL01,,,,BBL01.stl,/home/shanta/Downloads/hdry/Mod1/BBL01.stl,,331.9007,x167.2 y150.0 z20.0,41224,411.6,,UNMAPPED - verify,N,,,N,,review
HDRY System V3 (3D-printed dryer),BBR01,Bottom Back Right L1,corner_post,L1,150,BBR03.stl,/home/shanta/Downloads/hdry/Mod1/BBR03.stl,,334.9014,x165.8 y150.0 z31.0,30496,415.3,51/52/53,SHOULD LINK (was wrongly BBR02),Y,,,N,,relink model 20 to BBR03.stl
HDRY System V3 (3D-printed dryer),BLS01,Back Left Side panel L1,side_panel,L1,150,BLS01.stl,/home/shanta/Downloads/hdry/Mod1/BLS01.stl,,324.4805,x170.2 y150.0 z34.7,28912,402.4,51/52/53,correct,Y,,,N,,none
HDRY System V3 (3D-printed dryer),BRS01,Back Right Side panel L1,side_panel,L1,150,BRS01.stl,/home/shanta/Downloads/hdry/Mod1/BRS01.stl,,324.3302,x170.2 y150.0 z34.7,54106,402.2,51/52/53,correct,Y,,,N,,none
HDRY System V3 (3D-printed dryer),FLS01,Front Left Side panel L1,side_panel,L1,150,FLS01.stl,/home/shanta/Downloads/hdry/Mod1/FLS01.stl,,321.7161,x172.2 y150.0 z34.7,34812,398.9,51/52/53,correct,Y,,,N,,none
HDRY System V3 (3D-printed dryer),FRS01,Front Right Side panel L1,side_panel,L1,150,FRS01.stl,/home/shanta/Downloads/hdry/Mod1/FRS01.stl,,321.5782,x172.2 y150.0 z34.7,62700,398.8,51/52/53,correct,Y,,,N,,none
HDRY System V3 (3D-printed dryer),Reinforcement small(1),Reinforcement small(1),,,,Reinforcement small(1).stl,/home/shanta/Downloads/hdry/Mod1/Reinforcement small(1).stl | /home/shanta/Downloads/hdry/Mod1/Reinforcement small.stl | /home/shanta/Downloads/hdry/Reinforcement small(1).stl | /home/shanta/Downloads/hdry/Reinforcement small.stl | /home/shanta/Downloads/hdry/model2/Reinforcement small(1).stl | /home/shanta/Downloads/hdry/model2/Reinforcement small.stl,,1.8942,x32.3 y12.7 z8.0,4898,2.3,,UNMAPPED - verify,N,,,N,,review
HDRY System V3 (3D-printed dryer),SBL02 (1)(1),SBL02 (1)(1),,,,SBL02 (1)(1).stl,/home/shanta/Downloads/hdry/Mod1/SBL02 (1)(1).stl,,30.052,x188.2 y22.8 z25.0,24474,37.3,,UNMAPPED - verify,N,,,N,,review
HDRY System V3 (3D-printed dryer),SBL02 (1),SBL02 (1),,,,SBL02 (1).stl,/home/shanta/Downloads/hdry/Mod1/SBL02 (1).stl,,30.041,x188.2 y22.8 z25.0,24368,37.3,,UNMAPPED - verify,N,,,N,,review
HDRY System V3 (3D-printed dryer),SBR02(1),SBR02(1),,,,SBR02(1).stl,/home/shanta/Downloads/hdry/Mod1/SBR02(1).stl,,27.3638,x191.4 y22.8 z25.0,26198,33.9,,UNMAPPED - verify,N,,,N,,review
HDRY System V3 (3D-printed dryer),SBR02,SBR02,,,,SBR02.stl,/home/shanta/Downloads/hdry/Mod1/SBR02.stl,,27.352,x191.4 y22.8 z25.0,26170,33.9,,UNMAPPED - verify,N,,,N,,review
HDRY System V3 (3D-printed dryer),Smooth Cap,Smooth Cap,,,,Smooth Cap.stl,/home/shanta/Downloads/hdry/Mod1/Smooth Cap.stl | /home/shanta/Downloads/hdry/Smooth Cap.stl | /home/shanta/Downloads/hdry/model2/Smooth Cap.stl,,18.1208,x92.0 y52.7 z18.8,18882,22.5,,UNMAPPED - verify,N,,,N,,review
HDRY System V3 (3D-printed dryer),Steam Cap,Steam Cap,,,,Steam Cap.stl,/home/shanta/Downloads/hdry/Mod1/Steam Cap.stl,,7.3249,x30.0 y30.0 z21.0,160276,9.1,,UNMAPPED - verify,N,,,N,,review
HDRY System V3 (3D-printed dryer),T01,T01,,,,T01.stl,/home/shanta/Downloads/hdry/Mod1/T01.stl,,232.351,x195.4 y199.8 z22.2,53260,288.1,,UNMAPPED - verify,N,,,N,,review
HDRY System V3 (3D-printed dryer),T02,T02,,,,T02.stl,/home/shanta/Downloads/hdry/Mod1/T02.stl,,297.2297,x215.5 y219.8 z21.4,52726,368.6,,UNMAPPED - verify,N,,,N,,review
HDRY System V3 (3D-printed dryer),T03,T03,,,,T03.stl,/home/shanta/Downloads/hdry/Mod1/T03.stl,,302.5215,x215.4 y219.8 z11.2,32202,375.1,,UNMAPPED - verify,N,,,N,,review
HDRY System V3 (3D-printed dryer),T04,T04,,,,T04.stl,/home/shanta/Downloads/hdry/Mod1/T04.stl,,232.8648,x195.5 y199.9 z22.2,52900,288.8,,UNMAPPED - verify,N,,,N,,review
HDRY System V3 (3D-printed dryer),SBL01 (1),SBL01 (1),,,,SBL01 (1).stl,/home/shanta/Downloads/hdry/SBL01 (1).stl | /home/shanta/Downloads/hdry/model2/SBL01 (1).stl,,64.4846,x186.2 y22.8 z42.6,45082,80.0,,UNMAPPED - verify,N,,,N,,review
HDRY System V3 (3D-printed dryer),SBL02 (1),SBL02 (1),,,,SBL02 (1).stl,/home/shanta/Downloads/hdry/SBL02 (1).stl | /home/shanta/Downloads/hdry/model2/SBL02 (1).stl,,30.049,x188.2 y22.8 z25.0,40028,37.3,,UNMAPPED - verify,N,,,N,,review
HDRY System V3 (3D-printed dryer),SBR01 (1),SBR01 (1),,,,SBR01 (1).stl,/home/shanta/Downloads/hdry/SBR01 (1).stl | /home/shanta/Downloads/hdry/model2/SBR01 (1).stl,,64.7792,x191.5 y22.8 z42.6,45992,80.3,,UNMAPPED - verify,N,,,N,,review
HDRY System V3 (3D-printed dryer),SBR02,SBR02,,,,SBR02.stl,/home/shanta/Downloads/hdry/SBR02.stl | /home/shanta/Downloads/hdry/model2/SBR02.stl,,27.3618,x191.4 y22.8 z25.0,42710,33.9,,UNMAPPED - verify,N,,,N,,review
HDRY System V3 (3D-printed dryer),FFL01 Sensor,FFL01 Sensor,,,,FFL01 Sensor.stl,/home/shanta/Downloads/hdry/doors/FFL01 Sensor.stl,,161.4599,x163.8 y151.4 z20.6,50080,200.2,,UNMAPPED - verify,N,,,N,,review
HDRY System V3 (3D-printed dryer),FFL01 no Sensor,FFL01 no Sensor,,,,FFL01 no Sensor.stl,/home/shanta/Downloads/hdry/doors/FFL01 no Sensor.stl,,168.0953,x163.8 y151.4 z20.6,46702,208.4,,UNMAPPED - verify,N,,,N,,review
HDRY System V3 (3D-printed dryer),FFL02,FFL02,,,,FFL02.stl,/home/shanta/Downloads/hdry/doors/FFL02.stl,,185.8566,x163.8 y214.6 z20.6,49166,230.5,,UNMAPPED - verify,N,,,N,,review
HDRY System V3 (3D-printed dryer),FFR01 Dryer Panel,FFR01 Dryer Panel,,,,FFR01 Dryer Panel.stl,/home/shanta/Downloads/hdry/doors/FFR01 Dryer Panel.stl,,164.2379,x178.8 y151.4 z20.6,62276,203.7,,UNMAPPED - verify,N,,,N,,review
HDRY System V3 (3D-printed dryer),FFR01 no panel,FFR01 no panel,,,,FFR01 no panel.stl,/home/shanta/Downloads/hdry/doors/FFR01 no panel.stl,,182.5712,x178.8 y151.4 z20.6,49578,226.4,,UNMAPPED - verify,N,,,N,,review
HDRY System V3 (3D-printed dryer),FFR02,FFR02,,,,FFR02.stl,/home/shanta/Downloads/hdry/doors/FFR02.stl,,206.9137,x178.8 y214.6 z20.6,29280,256.6,,UNMAPPED - verify,N,,,N,,review
HDRY System V3 (3D-printed dryer),Female hinge L1 (1) (1) (1),Female hinge L1 (1) (1) (1),,,,Female hinge L1 (1) (1) (1).stl,/home/shanta/Downloads/hdry/doors/Female hinge L1 (1) (1) (1).stl | /home/shanta/Downloads/hdry/doors/Female hinge L1 (1) (1).stl,,5.3815,x31.1 y19.5 z34.3,6662,6.7,,UNMAPPED - verify,N,,,N,,review
HDRY System V3 (3D-printed dryer),Female hinge R1 (1) (1) (1),Female hinge R1 (1) (1) (1),,,,Female hinge R1 (1) (1) (1).stl,/home/shanta/Downloads/hdry/doors/Female hinge R1 (1) (1) (1).stl | /home/shanta/Downloads/hdry/doors/Female hinge R1 (1) (1).stl,,5.3787,x31.1 y19.5 z34.3,6896,6.7,,UNMAPPED - verify,N,,,N,,review
HDRY System V3 (3D-printed dryer),Handle (2) (1),Handle (2) (1),,,,Handle (2) (1).stl,/home/shanta/Downloads/hdry/doors/Handle (2) (1).stl,,16.4911,x50.0 y50.0 z20.0,82360,20.4,,UNMAPPED - verify,N,,,N,,review
HDRY System V3 (3D-printed dryer),Hinge latch L1 (1) (1) (1),Hinge latch L1 (1) (1) (1),,,,Hinge latch L1 (1) (1) (1).stl,/home/shanta/Downloads/hdry/doors/Hinge latch L1 (1) (1) (1).stl,,4.2733,x34.3 y39.0 z9.0,3176,5.3,,UNMAPPED - verify,N,,,N,,review
HDRY System V3 (3D-printed dryer),Hinge latch L1 (1) (1),Hinge latch L1 (1) (1),,,,Hinge latch L1 (1) (1).stl,/home/shanta/Downloads/hdry/doors/Hinge latch L1 (1) (1).stl,,4.2733,x34.3 y39.0 z9.0,3320,5.3,,UNMAPPED - verify,N,,,N,,review
HDRY System V3 (3D-printed dryer),Hinge latch R1 (1) (1) (1),Hinge latch R1 (1) (1) (1),,,,Hinge latch R1 (1) (1) (1).stl,/home/shanta/Downloads/hdry/doors/Hinge latch R1 (1) (1) (1).stl,,4.2697,x34.3 y39.0 z9.0,3420,5.3,,UNMAPPED - verify,N,,,N,,review
HDRY System V3 (3D-printed dryer),Hinge latch R1 (1) (1),Hinge latch R1 (1) (1),,,,Hinge latch R1 (1) (1).stl,/home/shanta/Downloads/hdry/doors/Hinge latch R1 (1) (1).stl,,4.2697,x34.3 y39.0 z9.0,3564,5.3,,UNMAPPED - verify,N,,,N,,review
HDRY System V3 (3D-printed dryer),Male hinge L1 (1) (1) (1),Male hinge L1 (1) (1) (1),,,,Male hinge L1 (1) (1) (1).stl,/home/shanta/Downloads/hdry/doors/Male hinge L1 (1) (1) (1).stl,,10.0361,x34.3 y39.0 z27.0,8766,12.4,,UNMAPPED - verify,N,,,N,,review
HDRY System V3 (3D-printed dryer),Male hinge L1 (1) (1),Male hinge L1 (1) (1),,,,Male hinge L1 (1) (1).stl,/home/shanta/Downloads/hdry/doors/Male hinge L1 (1) (1).stl,,10.0363,x34.3 y39.0 z27.0,9058,12.4,,UNMAPPED - verify,N,,,N,,review
HDRY System V3 (3D-printed dryer),Male hinge R1 (1) (1) (1),Male hinge R1 (1) (1) (1),,,,Male hinge R1 (1) (1) (1).stl,/home/shanta/Downloads/hdry/doors/Male hinge R1 (1) (1) (1).stl,,10.0325,x34.3 y39.0 z27.0,8890,12.4,,UNMAPPED - verify,N,,,N,,review
HDRY System V3 (3D-printed dryer),Male hinge R1 (1) (1),Male hinge R1 (1) (1),,,,Male hinge R1 (1) (1).stl,/home/shanta/Downloads/hdry/doors/Male hinge R1 (1) (1).stl,,10.0327,x34.3 y39.0 z27.0,9182,12.4,,UNMAPPED - verify,N,,,N,,review
HDRY System V3 (3D-printed dryer),Window Shape,Window Shape,,,,Window Shape.stl,/home/shanta/Downloads/hdry/doors/Window Shape.stl,,9.2512,x59.4 y136.4 z1.2,834,11.5,,UNMAPPED - verify,N,,,N,,review
HDRY System V3 (3D-printed dryer),door_hinge_plate,door_hinge_plate,,,,door_hinge_plate.stl,/home/shanta/Downloads/hdry/doors/door_hinge_plate.stl,,104.486,x218.4 y199.2 z34.3,159686,129.6,,UNMAPPED - verify,N,,,N,,review
HDRY System V3 (3D-printed dryer),Back LH - Drawer 2.0,Back LH - Drawer 2.0,,,,Back LH - Drawer 2.0.stl,/home/shanta/Downloads/hdry/extras/Back LH - Drawer 2.0.stl,,27.9239,x81.7 y147.4 z28.9,18222,34.6,,UNMAPPED - verify,N,,,N,,review
HDRY System V3 (3D-printed dryer),Back LH - HPV,Back LH - HPV,,,,Back LH - HPV.stl,/home/shanta/Downloads/hdry/extras/Back LH - HPV.stl,,159.3469,x73.3 y226.4 z102.0,30516,197.6,,UNMAPPED - verify,N,,,N,,review
HDRY System V3 (3D-printed dryer),Back RH - Drawer 2.0,Back RH - Drawer 2.0,,,,Back RH - Drawer 2.0.stl,/home/shanta/Downloads/hdry/extras/Back RH - Drawer 2.0.stl,,27.9182,x81.7 y147.4 z28.9,19318,34.6,,UNMAPPED - verify,N,,,N,,review
HDRY System V3 (3D-printed dryer),Back RH - HPV,Back RH - HPV,,,,Back RH - HPV.stl,/home/shanta/Downloads/hdry/extras/Back RH - HPV.stl,,159.3447,x73.3 y226.4 z102.0,31164,197.6,,UNMAPPED - verify,N,,,N,,review
HDRY System V3 (3D-printed dryer),Base,Base,,,,Base.stl,/home/shanta/Downloads/hdry/extras/Base.stl,,52.1701,x68.2 y106.1 z21.1,21510,64.7,,UNMAPPED - verify,N,,,N,,review
HDRY System V3 (3D-printed dryer),Case 1,Case 1,,,,Case 1.stl,/home/shanta/Downloads/hdry/extras/Case 1.stl,,19.0938,x40.0 y127.3 z25.4,23548,23.7,,UNMAPPED - verify,N,,,N,,review
HDRY System V3 (3D-printed dryer),Case 2,Case 2,,,,Case 2.stl,/home/shanta/Downloads/hdry/extras/Case 2.stl,,20.526,x44.0 y127.3 z27.4,32262,25.5,,UNMAPPED - verify,N,,,N,,review
HDRY System V3 (3D-printed dryer),Cerchio (1)(1),Cerchio (1)(1),,,,Cerchio (1)(1).stl,/home/shanta/Downloads/hdry/extras/Cerchio (1)(1).stl | /home/shanta/Downloads/hdry/extras/Cerchio (1).stl | /home/shanta/Downloads/hdry/extras/Wheel M(1).stl | /home/shanta/Downloads/hdry/extras/Wheel M.stl,,17.6857,x47.0 y47.0 z17.1,10448,21.9,,UNMAPPED - verify,N,,,N,,review
HDRY System V3 (3D-printed dryer),Cerchio(1),Cerchio(1),,,,Cerchio(1).stl,/home/shanta/Downloads/hdry/extras/Cerchio(1).stl | /home/shanta/Downloads/hdry/extras/Cerchio.stl | /home/shanta/Downloads/hdry/extras/Wheel(1).stl | /home/shanta/Downloads/hdry/extras/Wheel.stl,,12.4339,x47.0 y47.0 z14.1,11474,15.4,,UNMAPPED - verify,N,,,N,,review
HDRY System V3 (3D-printed dryer),Dryer CAP,Dryer CAP,,,,Dryer CAP.stl,/home/shanta/Downloads/hdry/extras/Dryer CAP.stl,,9.4688,x21.6 y76.6 z34.6,13644,11.7,,UNMAPPED - verify,N,,,N,,review
HDRY System V3 (3D-printed dryer),Dryer Support LH,Dryer Support LH,,,,Dryer Support LH.stl,/home/shanta/Downloads/hdry/extras/Dryer Support LH.stl,,36.1293,x109.9 y69.3 z34.0,37798,44.8,,UNMAPPED - verify,N,,,N,,review
HDRY System V3 (3D-printed dryer),Dryer Support RH,Dryer Support RH,,,,Dryer Support RH.stl,/home/shanta/Downloads/hdry/extras/Dryer Support RH.stl,,36.3341,x109.9 y69.3 z34.0,38594,45.1,,UNMAPPED - verify,N,,,N,,review
HDRY System V3 (3D-printed dryer),Foot (1) (1)(1),Foot (1) (1)(1),,,,Foot (1) (1)(1).stl,/home/shanta/Downloads/hdry/extras/Foot (1) (1)(1).stl | /home/shanta/Downloads/hdry/extras/Foot (1) (1)(2).stl | /home/shanta/Downloads/hdry/extras/Foot (1) (1)(3).stl | /home/shanta/Downloads/hdry/extras/Foot (1) (1).stl,,292.0343,x120.3 y180.4 z82.4,50668,362.1,,UNMAPPED - verify,N,,,N,,review
HDRY System V3 (3D-printed dryer),Front LH(1),Front LH(1),,,,Front LH(1).stl,/home/shanta/Downloads/hdry/extras/Front LH(1).stl,,30.7384,x7.2 y229.4 z28.8,16176,38.1,,UNMAPPED - verify,N,,,N,,review
HDRY System V3 (3D-printed dryer),Front LH,Front LH,,,,Front LH.stl,/home/shanta/Downloads/hdry/extras/Front LH.stl | /home/shanta/Downloads/hdry/extras/Front RH.stl,,30.7384,x7.2 y229.4 z28.8,18320,38.1,,UNMAPPED - verify,N,,,N,,review
HDRY System V3 (3D-printed dryer),Front RH(1),Front RH(1),,,,Front RH(1).stl,/home/shanta/Downloads/hdry/extras/Front RH(1).stl,,30.7442,x7.2 y229.4 z28.8,15930,38.1,,UNMAPPED - verify,N,,,N,,review
HDRY System V3 (3D-printed dryer),Gomma(1),Gomma(1),,,,Gomma(1).stl,/home/shanta/Downloads/hdry/extras/Gomma(1).stl | /home/shanta/Downloads/hdry/extras/Gomma(2).stl | /home/shanta/Downloads/hdry/extras/Gomma(3).stl | /home/shanta/Downloads/hdry/extras/Gomma.stl,,85.0227,x79.1 y80.0 z26.4,46022,105.4,,UNMAPPED - verify,N,,,N,,review
HDRY System V3 (3D-printed dryer),Holder,Holder,,,,Holder.stl,/home/shanta/Downloads/hdry/extras/Holder.stl,,5.0916,x66.0 y14.0 z6.5,11120,6.3,,UNMAPPED - verify,N,,,N,,review
HDRY System V3 (3D-printed dryer),Main,Main,,,,Main.stl,/home/shanta/Downloads/hdry/extras/Main.stl,,68.1078,x106.7 y61.3 z175.7,67616,84.5,,UNMAPPED - verify,N,,,N,,review
HDRY System V3 (3D-printed dryer),Pipe,Pipe,,,,Pipe.stl,/home/shanta/Downloads/hdry/extras/Pipe.stl,,37.1402,x90.0 y52.4 z129.7,125170,46.1,,UNMAPPED - verify,N,,,N,,review
